"","BLOCK","PLOT","TREATMENT","EXCLUSION","ADDITION","TRANSECT","METER","CUD","DICH","DITE","OTHER.GRASS","PIGR","ASTER.3","ERIG","RUBUS","ANDRO","PINE"
"1",4,"1","CC","CAGED","CARRION","CENTER",0,0,0,8,0,0,0,0,0,0,0
"2",4,"1","CC","CAGED","CARRION","EAST",1,0,2,0,5,0,10,4,0,0,0
"3",4,"1","CC","CAGED","CARRION","EAST",2,3,0,15,2,0,4,0,2,4,0
"4",4,"1","CC","CAGED","CARRION","EAST",3,0,0,26,4,0,1,0,0,0,0
"5",4,"1","CC","CAGED","CARRION","NORTH",1,0,0,0,0,0,1,0,4,0,0
"6",4,"1","CC","CAGED","CARRION","NORTH",2,0,3,2,0,0,2,0,0,0,0
"7",4,"1","CC","CAGED","CARRION","NORTH",3,1,1,8,0,0,0,0,2,5,0
"8",4,"1","CC","CAGED","CARRION","SOUTH",1,0,1,3,5,0,0,0,1,0,0
"9",4,"1","CC","CAGED","CARRION","SOUTH",2,0,0,0,1,0,4,0,0,0,0
"10",4,"1","CC","CAGED","CARRION","SOUTH",3,7,0,10,2,0,0,0,4,1,1
"11",4,"1","CC","CAGED","CARRION","WEST",1,1,0,11,0,0,0,0,2,0,0
"12",4,"1","CC","CAGED","CARRION","WEST",2,0,12,0,0,0,0,0,7,0,0
"13",4,"1","CC","CAGED","CARRION","WEST",3,0,0,0,4,0,0,0,0,0,0
"14",4,"2","OC","OPEN","CARRION","CENTER",0,0,0,0,7,0,0,0,0,0,0
"15",4,"2","OC","OPEN","CARRION","EAST",1,0,1,0,4,0,0,0,0,0,0
"16",4,"2","OC","OPEN","CARRION","EAST",2,0,3,0,8,0,0,0,0,0,0
"17",4,"2","OC","OPEN","CARRION","EAST",3,0,0,0,4,0,0,0,0,0,0
"18",4,"2","OC","OPEN","CARRION","NORTH",1,0,0,0,5,0,0,0,1,0,0
"19",4,"2","OC","OPEN","CARRION","NORTH",2,0,0,0,3,0,0,0,0,0,0
"20",4,"2","OC","OPEN","CARRION","NORTH",3,0,0,0,2,0,0,0,0,0,0
"21",4,"2","OC","OPEN","CARRION","SOUTH",1,1,3,0,7,0,0,0,31,0,0
"22",4,"2","OC","OPEN","CARRION","SOUTH",2,0,4,0,3,0,0,0,18,0,0
"23",4,"2","OC","OPEN","CARRION","SOUTH",3,0,0,0,6,0,0,0,0,0,0
"24",4,"2","OC","OPEN","CARRION","WEST",1,0,1,0,3,0,0,0,0,0,0
"25",4,"2","OC","OPEN","CARRION","WEST",2,0,10,0,0,0,0,0,3,0,0
"26",4,"2","OC","OPEN","CARRION","WEST",3,0,0,0,4,0,0,0,6,0,0
"27",4,"5","CP","CAGED","PROPAGULES","CENTER",0,0,1,4,4,0,0,0,0,0,0
"28",4,"5","CP","CAGED","PROPAGULES","EAST",1,5,8,2,7,0,0,0,0,0,0
"29",4,"5","CP","CAGED","PROPAGULES","EAST",2,15,4,6,0,0,0,0,0,0,0
"30",4,"5","CP","CAGED","PROPAGULES","EAST",3,0,0,18,2,0,0,0,0,0,0
"31",4,"5","CP","CAGED","PROPAGULES","NORTH",1,2,6,12,0,0,0,0,0,0,0
"32",4,"5","CP","CAGED","PROPAGULES","NORTH",2,0,3,14,0,0,0,0,0,0,0
"33",4,"5","CP","CAGED","PROPAGULES","NORTH",3,0,6,2,2,0,0,0,0,0,0
"34",4,"5","CP","CAGED","PROPAGULES","SOUTH",1,0,3,9,5,0,0,0,0,0,0
"35",4,"5","CP","CAGED","PROPAGULES","SOUTH",2,0,0,17,15,0,0,0,0,0,0
"36",4,"5","CP","CAGED","PROPAGULES","SOUTH",3,5,0,9,3,0,0,0,0,0,0
"37",4,"5","CP","CAGED","PROPAGULES","WEST",1,3,1,24,0,0,0,0,0,0,0
"38",4,"5","CP","CAGED","PROPAGULES","WEST",2,4,3,14,0,0,0,0,0,2,0
"39",4,"5","CP","CAGED","PROPAGULES","WEST",3,0,0,18,0,0,0,0,0,0,0
"40",4,"REF","REF","REF","REF","CENTER",0,1,0,22,2,0,0,0,1,0,0
"41",4,"REF","REF","REF","REF","EAST",1,13,0,3,0,2,0,0,0,0,0
"42",4,"REF","REF","REF","REF","EAST",2,18,4,22,3,0,0,0,0,0,0
"43",4,"REF","REF","REF","REF","EAST",3,2,4,17,2,0,0,0,0,0,0
"44",4,"REF","REF","REF","REF","NORTH",1,7,3,0,6,0,0,0,0,0,0
"45",4,"REF","REF","REF","REF","NORTH",2,7,9,15,0,0,0,0,0,0,0
"46",4,"REF","REF","REF","REF","NORTH",3,10,1,35,1,0,0,0,0,0,0
"47",4,"REF","REF","REF","REF","SOUTH",1,28,0,25,2,0,0,0,0,0,0
"48",4,"REF","REF","REF","REF","SOUTH",2,0,4,15,0,0,0,0,0,0,0
"49",4,"REF","REF","REF","REF","SOUTH",3,2,0,15,4,0,0,0,0,0,0
"50",4,"REF","REF","REF","REF","WEST",1,4,0,19,10,0,0,0,0,0,0
"51",4,"REF","REF","REF","REF","WEST",2,13,0,6,4,0,0,0,0,7,0
"52",4,"REF","REF","REF","REF","WEST",3,11,3,9,1,0,0,0,0,0,0
"53",5,"1","CP","CAGED","PROPAGULES","CENTER",0,0,15,0,0,0,0,1,0,0,0
"54",5,"1","CP","CAGED","PROPAGULES","EAST",1,5,8,42,0,0,0,0,0,0,0
"55",5,"1","CP","CAGED","PROPAGULES","EAST",2,39,0,0,0,0,0,0,0,0,0
"56",5,"1","CP","CAGED","PROPAGULES","EAST",3,8,1,3,6,0,0,0,0,0,0
"57",5,"1","CP","CAGED","PROPAGULES","NORTH",1,0,13,0,0,0,0,0,0,0,0
"58",5,"1","CP","CAGED","PROPAGULES","NORTH",2,0,8,25,0,2,0,0,0,0,0
"59",5,"1","CP","CAGED","PROPAGULES","NORTH",3,0,1,0,4,3,0,0,0,0,0
"60",5,"1","CP","CAGED","PROPAGULES","SOUTH",1,3,5,0,2,1,0,0,0,0,0
"61",5,"1","CP","CAGED","PROPAGULES","SOUTH",2,17,4,44,1,0,0,0,0,0,1
"62",5,"1","CP","CAGED","PROPAGULES","SOUTH",3,40,0,18,0,0,0,0,0,0,0
"63",5,"1","CP","CAGED","PROPAGULES","WEST",1,0,11,9,0,0,0,0,0,0,0
"64",5,"1","CP","CAGED","PROPAGULES","WEST",2,0,0,3,0,1,0,0,0,0,0
"65",5,"1","CP","CAGED","PROPAGULES","WEST",3,0,2,0,0,1,0,0,0,0,0
"66",5,"2","OC","OPEN","CARRION ","CENTER",0,0,0,14,1,0,0,0,0,2,0
"67",5,"2","OC","OPEN","CARRION ","EAST",1,23,7,0,0,0,0,0,0,0,0
"68",5,"2","OC","OPEN","CARRION ","EAST",2,23,0,11,8,0,0,1,0,0,0
"69",5,"2","OC","OPEN","CARRION ","EAST",3,0,6,0,2,0,0,0,0,1,0
"70",5,"2","OC","OPEN","CARRION ","NORTH",1,5,8,33,0,0,0,0,0,0,2
"71",5,"2","OC","OPEN","CARRION ","NORTH",2,0,10,22,0,0,0,0,0,0,1
"72",5,"2","OC","OPEN","CARRION ","NORTH",3,0,7,7,0,0,0,0,0,0,2
"73",5,"2","OC","OPEN","CARRION ","SOUTH",1,6,0,0,5,0,0,0,0,0,0
"74",5,"2","OC","OPEN","CARRION ","SOUTH",2,0,8,9,0,0,0,0,0,0,0
"75",5,"2","OC","OPEN","CARRION ","SOUTH",3,0,1,0,2,0,0,0,0,3,0
"76",5,"2","OC","OPEN","CARRION ","WEST",1,0,7,19,0,0,0,0,0,4,1
"77",5,"2","OC","OPEN","CARRION ","WEST",2,12,0,10,0,0,0,0,0,0,0
"78",5,"2","OC","OPEN","CARRION ","WEST",3,4,0,0,0,0,0,0,0,4,0
"79",5,"5","CC","CAGED","CARRION","CENTER",0,27,2,21,1,0,2,0,0,0,0
"80",5,"5","CC","CAGED","CARRION","EAST",1,32,9,17,0,0,0,1,0,0,0
"81",5,"5","CC","CAGED","CARRION","EAST",2,29,4,10,0,0,0,0,0,0,1
"82",5,"5","CC","CAGED","CARRION","EAST",3,12,2,15,0,0,0,1,0,0,0
"83",5,"5","CC","CAGED","CARRION","NORTH",1,0,7,18,0,0,3,0,0,0,0
"84",5,"5","CC","CAGED","CARRION","NORTH",2,0,10,2,1,0,2,0,0,0,3
"85",5,"5","CC","CAGED","CARRION","NORTH",3,0,3,25,2,0,3,0,0,0,0
"86",5,"5","CC","CAGED","CARRION","SOUTH",1,9,8,2,0,0,0,2,0,0,0
"87",5,"5","CC","CAGED","CARRION","SOUTH",2,37,4,29,0,0,3,0,0,0,0
"88",5,"5","CC","CAGED","CARRION","SOUTH",3,30,6,15,0,0,0,0,0,0,0
"89",5,"5","CC","CAGED","CARRION","WEST",1,11,7,37,0,0,1,0,0,0,0
"90",5,"5","CC","CAGED","CARRION","WEST",2,19,8,3,0,0,0,0,0,0,0
"91",5,"5","CC","CAGED","CARRION","WEST",3,1,0,0,0,0,0,0,0,0,0
"92",5,"REF","REF","REF","REF","CENTER",0,3,2,17,3,0,3,0,0,0,0
"93",5,"REF","REF","REF","REF","EAST",1,3,6,0,0,0,0,2,0,2,0
"94",5,"REF","REF","REF","REF","EAST",2,10,5,5,7,0,0,0,0,0,0
"95",5,"REF","REF","REF","REF","EAST",3,12,4,0,0,0,0,0,0,0,0
"96",5,"REF","REF","REF","REF","NORTH",1,6,2,0,4,0,1,0,0,0,0
"97",5,"REF","REF","REF","REF","NORTH",2,0,6,7,2,0,0,0,0,0,0
"98",5,"REF","REF","REF","REF","NORTH",3,1,15,0,0,1,0,0,0,0,0
"99",5,"REF","REF","REF","REF","SOUTH",1,7,0,0,7,0,0,0,0,0,0
"100",5,"REF","REF","REF","REF","SOUTH",2,6,11,0,5,0,0,0,0,0,0
"101",5,"REF","REF","REF","REF","SOUTH",3,10,0,0,0,0,1,0,0,0,0
"102",5,"REF","REF","REF","REF","WEST",1,14,3,0,3,0,0,1,0,0,0
"103",5,"REF","REF","REF","REF","WEST",2,9,5,0,1,0,0,0,0,0,0
"104",5,"REF","REF","REF","REF","WEST",3,4,0,5,0,0,0,0,1,0,0
"105",11,"1","OP","OPEN","PROPAGULES","CENTER",0,1,2,0,0,0,0,0,1,1,0
"106",11,"1","OP","OPEN","PROPAGULES","EAST",1,0,5,0,0,0,0,5,2,1,0
"107",11,"1","OP","OPEN","PROPAGULES","EAST",2,0,3,0,1,0,2,1,1,0,0
"108",11,"1","OP","OPEN","PROPAGULES","EAST",3,0,0,0,0,0,1,0,0,2,1
"109",11,"1","OP","OPEN","PROPAGULES","NORTH",1,0,11,0,1,0,0,2,2,0,1
"110",11,"1","OP","OPEN","PROPAGULES","NORTH",2,0,5,0,0,0,0,1,0,0,0
"111",11,"1","OP","OPEN","PROPAGULES","NORTH",3,1,0,0,0,4,0,0,2,0,1
"112",11,"1","OP","OPEN","PROPAGULES","SOUTH",1,0,4,0,1,0,0,0,2,1,1
"113",11,"1","OP","OPEN","PROPAGULES","SOUTH",2,2,0,0,0,0,2,4,0,2,0
"114",11,"1","OP","OPEN","PROPAGULES","SOUTH",3,0,4,0,0,0,3,1,1,0,0
"115",11,"1","OP","OPEN","PROPAGULES","WEST",1,0,2,0,0,0,1,0,5,0,0
"116",11,"1","OP","OPEN","PROPAGULES","WEST",2,1,11,0,0,0,1,0,0,0,0
"117",11,"1","OP","OPEN","PROPAGULES","WEST",3,0,0,0,0,0,0,1,0,3,1
"118",11,"2","CP","CAGED","PROPAGULES","CENTER",0,0,8,0,0,0,0,0,0,1,1
"119",11,"2","CP","CAGED","PROPAGULES","EAST",1,0,10,0,0,0,0,0,0,0,0
"120",11,"2","CP","CAGED","PROPAGULES","EAST",2,0,4,0,0,0,0,0,0,2,0
"121",11,"2","CP","CAGED","PROPAGULES","EAST",3,0,2,0,0,0,0,0,0,0,0
"122",11,"2","CP","CAGED","PROPAGULES","NORTH",1,0,4,0,0,0,2,0,0,3,0
"123",11,"2","CP","CAGED","PROPAGULES","NORTH",2,0,6,0,0,0,7,0,0,0,0
"124",11,"2","CP","CAGED","PROPAGULES","NORTH",3,0,5,0,0,1,4,0,0,0,0
"125",11,"2","CP","CAGED","PROPAGULES","SOUTH",1,0,9,0,0,0,0,2,0,0,0
"126",11,"2","CP","CAGED","PROPAGULES","SOUTH",2,0,0,0,0,0,2,1,0,2,0
"127",11,"2","CP","CAGED","PROPAGULES","SOUTH",3,0,2,0,0,0,3,0,0,0,0
"128",11,"2","CP","CAGED","PROPAGULES","WEST",1,5,5,0,0,0,3,0,0,2,0
"129",11,"2","CP","CAGED","PROPAGULES","WEST",2,0,4,0,0,0,3,0,0,0,2
"130",11,"2","CP","CAGED","PROPAGULES","WEST",3,2,3,0,0,0,0,0,0,0,0
"131",11,"3","OS","OPEN","CAGED","CENTER",0,5,7,0,0,0,4,0,0,0,0
"132",11,"3","OS","OPEN","CAGED","EAST",1,0,6,0,0,0,9,0,0,0,0
"133",11,"3","OS","OPEN","CAGED","EAST",2,0,6,0,0,0,6,0,0,0,0
"134",11,"3","OS","OPEN","CAGED","EAST",3,0,1,0,0,0,0,0,0,0,0
"135",11,"3","OS","OPEN","CAGED","NORTH",1,1,3,0,0,1,2,0,0,0,0
"136",11,"3","OS","OPEN","CAGED","NORTH",2,0,7,0,0,0,6,0,0,0,0
"137",11,"3","OS","OPEN","CAGED","NORTH",3,0,7,11,0,0,3,0,0,0,0
"138",11,"3","OS","OPEN","CAGED","SOUTH",1,5,4,0,1,1,4,0,0,0,0
"139",11,"3","OS","OPEN","CAGED","SOUTH",2,3,0,0,1,3,6,0,0,0,0
"140",11,"3","OS","OPEN","CAGED","SOUTH",3,0,2,0,0,0,0,0,0,0,0
"141",11,"3","OS","OPEN","CAGED","WEST",1,2,6,0,0,0,5,0,1,0,0
"142",11,"3","OS","OPEN","CAGED","WEST",2,0,4,0,0,0,0,0,1,0,1
"143",11,"3","OS","OPEN","CAGED","WEST",3,0,0,0,1,0,5,0,2,0,0
"144",11,"4","CS","CAGED","SCAT","CENTER",0,10,0,0,1,0,2,0,0,0,2
"145",11,"4","CS","CAGED","SCAT","EAST",1,0,2,0,2,2,0,0,0,0,1
"146",11,"4","CS","CAGED","SCAT","EAST",2,0,0,0,0,2,6,0,2,0,0
"147",11,"4","CS","CAGED","SCAT","EAST",3,0,0,0,0,4,3,0,0,0,0
"148",11,"4","CS","CAGED","SCAT","NORTH",1,1,7,0,0,1,5,0,0,0,1
"149",11,"4","CS","CAGED","SCAT","NORTH",2,0,3,0,0,4,0,0,3,0,0
"150",11,"4","CS","CAGED","SCAT","NORTH",3,0,3,0,0,0,0,0,2,0,0
"151",11,"4","CS","CAGED","SCAT","SOUTH",1,2,0,0,0,0,4,0,3,0,1
"152",11,"4","CS","CAGED","SCAT","SOUTH",2,0,4,0,1,0,4,0,0,0,0
"153",11,"4","CS","CAGED","SCAT","SOUTH",3,0,3,0,0,5,4,0,0,0,0
"154",11,"4","CS","CAGED","SCAT","WEST",1,0,6,0,0,0,0,0,1,0,0
"155",11,"4","CS","CAGED","SCAT","WEST",2,0,10,0,0,0,0,0,0,0,1
"156",11,"4","CS","CAGED","SCAT","WEST",3,0,7,0,0,0,1,0,2,0,0
"157",11,"5","OC","OPEN","CAGED","CENTER",0,0,15,0,0,0,0,0,0,0,0
"158",11,"5","OC","OPEN","CAGED","EAST",1,0,9,0,0,0,0,0,0,0,0
"159",11,"5","OC","OPEN","CAGED","EAST",2,0,0,0,0,0,1,0,0,0,0
"160",11,"5","OC","OPEN","CAGED","EAST",3,0,0,0,0,0,0,0,0,0,0
"161",11,"5","OC","OPEN","CAGED","NORTH",1,0,9,0,0,0,0,0,2,0,0
"162",11,"5","OC","OPEN","CAGED","NORTH",2,0,15,0,0,0,0,0,0,0,0
"163",11,"5","OC","OPEN","CAGED","NORTH",3,0,0,0,0,0,0,2,2,1,0
"164",11,"5","OC","OPEN","CAGED","SOUTH",1,0,9,0,0,0,0,0,0,0,0
"165",11,"5","OC","OPEN","CAGED","SOUTH",2,0,3,0,0,0,5,0,0,1,0
"166",11,"5","OC","OPEN","CAGED","SOUTH",3,0,0,0,0,0,3,0,0,1,0
"167",11,"5","OC","OPEN","CAGED","WEST",1,0,9,0,0,0,0,0,1,0,0
"168",11,"5","OC","OPEN","CAGED","WEST",2,0,7,0,0,0,0,0,0,0,2
"169",11,"5","OC","OPEN","CAGED","WEST",3,0,7,0,0,0,0,0,0,0,0
"170",11,"6","CC","CAGED","CARRION","CENTER",0,1,2,0,0,0,5,0,0,0,0
"171",11,"6","CC","CAGED","CARRION","EAST",1,1,6,0,0,0,1,0,0,2,0
"172",11,"6","CC","CAGED","CARRION","EAST",2,0,6,0,0,0,2,0,0,3,0
"173",11,"6","CC","CAGED","CARRION","EAST",3,0,5,0,0,0,0,0,0,0,1
"174",11,"6","CC","CAGED","CARRION","NORTH",1,0,4,0,0,0,1,0,0,2,0
"175",11,"6","CC","CAGED","CARRION","NORTH",2,0,3,0,0,0,0,1,2,2,1
"176",11,"6","CC","CAGED","CARRION","NORTH",3,0,0,0,0,0,0,0,0,3,0
"177",11,"6","CC","CAGED","CARRION","SOUTH",1,0,6,0,0,0,0,0,0,1,0
"178",11,"6","CC","CAGED","CARRION","SOUTH",2,2,3,0,0,0,1,0,0,1,0
"179",11,"6","CC","CAGED","CARRION","SOUTH",3,0,7,0,0,0,0,0,0,2,1
"180",11,"6","CC","CAGED","CARRION","WEST",1,0,4,0,0,0,0,0,0,0,0
"181",11,"6","CC","CAGED","CARRION","WEST",2,0,0,0,0,0,0,0,2,2,0
"182",11,"6","CC","CAGED","CARRION","WEST",3,0,0,0,0,0,3,0,0,0,0
"183",11,"REF","REF","REF","REF","CENTER",0,0,4,0,0,0,0,0,0,0,1
"184",11,"REF","REF","REF","REF","EAST",1,6,11,0,0,0,0,0,0,0,0
"185",11,"REF","REF","REF","REF","EAST",2,0,0,0,0,1,4,0,0,1,0
"186",11,"REF","REF","REF","REF","EAST",3,0,0,0,0,0,5,0,0,0,0
"187",11,"REF","REF","REF","REF","NORTH",1,0,6,0,0,1,0,1,0,0,0
"188",11,"REF","REF","REF","REF","NORTH",2,0,1,0,0,0,3,0,0,0,0
"189",11,"REF","REF","REF","REF","NORTH",3,0,5,0,0,0,4,0,0,0,0
"190",11,"REF","REF","REF","REF","SOUTH",1,0,6,0,0,0,3,0,0,0,1
"191",11,"REF","REF","REF","REF","SOUTH",2,2,0,0,0,0,9,0,0,1,1
"192",11,"REF","REF","REF","REF","SOUTH",3,0,0,0,0,0,6,0,0,2,1
"193",11,"REF","REF","REF","REF","WEST",1,0,9,0,0,0,1,0,0,1,0
"194",11,"REF","REF","REF","REF","WEST",2,0,0,0,0,0,5,1,0,0,2
"195",11,"REF","REF","REF","REF","WEST",3,0,10,0,0,0,0,2,0,2,0
"196",18,"1","OC","OPEN","CARRION","CENTER",0,0,0,23,1,0,0,0,3,0,1
"197",18,"1","OC","OPEN","CARRION","EAST",1,0,1,4,0,1,0,7,1,0,3
"198",18,"1","OC","OPEN","CARRION","EAST",2,15,0,30,0,1,0,7,0,1,1
"199",18,"1","OC","OPEN","CARRION","EAST",3,0,1,3,0,3,0,14,1,0,1
"200",18,"1","OC","OPEN","CARRION","NORTH",1,0,0,0,0,0,0,1,3,1,0
"201",18,"1","OC","OPEN","CARRION","NORTH",2,0,0,34,0,0,0,10,0,1,0
"202",18,"1","OC","OPEN","CARRION","NORTH",3,0,2,30,0,0,0,7,0,1,4
"203",18,"1","OC","OPEN","CARRION","SOUTH",1,1,0,0,0,0,0,0,0,3,6
"204",18,"1","OC","OPEN","CARRION","SOUTH",2,1,0,26,0,0,0,0,0,3,0
"205",18,"1","OC","OPEN","CARRION","SOUTH",3,3,1,45,0,1,0,4,2,1,0
"206",18,"1","OC","OPEN","CARRION","WEST",1,0,4,22,0,0,0,11,3,0,1
"207",18,"1","OC","OPEN","CARRION","WEST",2,1,3,0,0,0,0,4,0,0,18
"208",18,"1","OC","OPEN","CARRION","WEST",3,0,3,25,1,0,0,16,1,0,0
"209",18,"2","CP","CAGED","PROPAGULES","CENTER",0,0,0,0,0,5,0,7,0,0,3
"210",18,"2","CP","CAGED","PROPAGULES","EAST",1,0,0,0,0,7,0,6,0,0,3
"211",18,"2","CP","CAGED","PROPAGULES","EAST",2,3,2,0,0,5,0,5,0,0,0
"212",18,"2","CP","CAGED","PROPAGULES","EAST",3,2,1,0,0,5,0,3,0,0,2
"213",18,"2","CP","CAGED","PROPAGULES","NORTH",1,1,0,0,1,6,0,7,0,0,0
"214",18,"2","CP","CAGED","PROPAGULES","NORTH",2,0,4,0,2,9,0,0,0,0,1
"215",18,"2","CP","CAGED","PROPAGULES","NORTH",3,1,2,9,0,4,0,0,0,0,1
"216",18,"2","CP","CAGED","PROPAGULES","SOUTH",1,10,0,0,0,6,0,3,0,0,0
"217",18,"2","CP","CAGED","PROPAGULES","SOUTH",2,1,2,0,0,4,0,0,0,0,4
"218",18,"2","CP","CAGED","PROPAGULES","SOUTH",3,6,3,7,0,6,0,0,0,0,3
"219",18,"2","CP","CAGED","PROPAGULES","WEST",1,2,2,0,0,3,0,5,0,0,3
"220",18,"2","CP","CAGED","PROPAGULES","WEST",2,10,0,0,0,2,0,0,0,0,4
"221",18,"2","CP","CAGED","PROPAGULES","WEST",3,24,2,7,0,4,0,7,0,0,2
"222",18,"3","CP","CAGED","CARRION","CENTER",0,0,0,6,2,0,0,0,0,0,0
"223",18,"3","CP","CAGED","CARRION","EAST",1,0,0,0,2,4,0,1,1,0,0
"224",18,"3","CP","CAGED","CARRION","EAST",2,0,6,0,0,0,0,14,0,0,4
"225",18,"3","CP","CAGED","CARRION","EAST",3,5,5,0,0,4,0,2,0,0,0
"226",18,"3","CP","CAGED","CARRION","NORTH",1,3,3,0,3,5,0,5,0,0,1
"227",18,"3","CP","CAGED","CARRION","NORTH",2,7,5,0,1,3,0,0,1,0,3
"228",18,"3","CP","CAGED","CARRION","NORTH",3,0,2,0,0,2,0,4,3,0,0
"229",18,"3","CP","CAGED","CARRION","SOUTH",1,1,3,0,1,6,0,3,0,0,4
"230",18,"3","CP","CAGED","CARRION","SOUTH",2,0,2,2,0,4,0,3,0,0,0
"231",18,"3","CP","CAGED","CARRION","SOUTH",3,0,3,1,0,4,0,9,0,0,0
"232",18,"3","CP","CAGED","CARRION","WEST",1,0,11,0,0,5,0,0,1,0,0
"233",18,"3","CP","CAGED","CARRION","WEST",2,2,6,0,0,2,0,4,0,0,1
"234",18,"3","CP","CAGED","CARRION","WEST",3,0,2,0,0,3,0,13,0,0,0
"235",18,"REF","REF","REF","REF","CENTER",0,0,14,17,0,0,0,0,0,0,0
"236",18,"REF","REF","REF","REF","EAST",1,5,8,0,0,0,0,12,0,0,1
"237",18,"REF","REF","REF","REF","EAST",2,0,5,0,0,0,0,0,0,0,5
"238",18,"REF","REF","REF","REF","EAST",3,0,0,0,0,0,0,0,0,0,3
"239",18,"REF","REF","REF","REF","NORTH",1,0,6,0,0,0,0,0,0,0,0
"240",18,"REF","REF","REF","REF","NORTH",2,0,6,0,0,0,0,0,0,0,14
"241",18,"REF","REF","REF","REF","NORTH",3,6,5,6,0,0,0,0,0,5,5
"242",18,"REF","REF","REF","REF","SOUTH",1,4,11,0,0,0,0,0,0,0,1
"243",18,"REF","REF","REF","REF","SOUTH",2,0,14,0,0,0,0,0,0,0,4
"244",18,"REF","REF","REF","REF","SOUTH",3,0,8,0,4,0,0,0,0,1,2
"245",18,"REF","REF","REF","REF","WEST",1,0,5,0,0,0,0,0,0,0,2
"246",18,"REF","REF","REF","REF","WEST",2,0,8,0,0,0,0,3,0,0,2
"247",18,"REF","REF","REF","REF","WEST",3,0,9,0,2,0,0,0,0,0,0
"248",19,"4","CC","CAGED","CARRION","CENTER",0,0,0,0,0,0,0,0,0,0,0
"249",19,"4","CC","CAGED","CARRION","EAST",1,1,3,3,0,2,0,0,0,0,1
"250",19,"4","CC","CAGED","CARRION","EAST",2,2,3,0,0,4,0,0,0,4,0
"251",19,"4","CC","CAGED","CARRION","EAST",3,0,3,0,0,0,0,0,0,2,2
"252",19,"4","CC","CAGED","CARRION","NORTH",1,0,4,3,0,2,0,0,0,2,0
"253",19,"4","CC","CAGED","CARRION","NORTH",2,0,2,0,0,7,0,0,0,1,0
"254",19,"4","CC","CAGED","CARRION","NORTH",3,8,1,0,0,3,0,0,0,3,0
"255",19,"4","CC","CAGED","CARRION","SOUTH",1,1,0,0,0,0,0,0,0,4,0
"256",19,"4","CC","CAGED","CARRION","SOUTH",2,0,4,0,0,2,0,0,0,4,0
"257",19,"4","CC","CAGED","CARRION","SOUTH",3,0,4,0,2,3,0,0,0,0,0
"258",19,"4","CC","CAGED","CARRION","WEST",1,0,3,2,0,5,0,0,0,1,2
"259",19,"4","CC","CAGED","CARRION","WEST",2,8,4,0,0,2,0,0,0,4,1
"260",19,"4","CC","CAGED","CARRION","WEST",3,6,8,0,0,3,0,0,0,2,0
"261",19,"5","OC","OPEN","CARRION","CENTER",0,0,0,7,1,0,0,0,0,0,0
"262",19,"5","OC","OPEN","CARRION","EAST",1,0,2,0,0,6,0,0,0,0,0
"263",19,"5","OC","OPEN","CARRION","EAST",2,3,2,0,0,2,0,0,0,0,0
"264",19,"5","OC","OPEN","CARRION","EAST",3,3,1,0,0,2,0,0,0,0,0
"265",19,"5","OC","OPEN","CARRION","NORTH",1,9,6,0,0,2,0,0,0,0,0
"266",19,"5","OC","OPEN","CARRION","NORTH",2,11,2,0,0,5,0,0,0,0,0
"267",19,"5","OC","OPEN","CARRION","NORTH",3,3,4,13,0,6,0,0,0,0,0
"268",19,"5","OC","OPEN","CARRION","SOUTH",1,2,0,0,0,1,0,0,0,4,0
"269",19,"5","OC","OPEN","CARRION","SOUTH",2,1,2,0,0,3,0,0,0,2,0
"270",19,"5","OC","OPEN","CARRION","SOUTH",3,0,0,0,0,2,0,0,0,4,0
"271",19,"5","OC","OPEN","CARRION","WEST",1,4,7,0,0,5,0,0,0,0,0
"272",19,"5","OC","OPEN","CARRION","WEST",2,4,4,0,0,3,0,0,0,4,0
"273",19,"5","OC","OPEN","CARRION","WEST",3,4,4,0,0,5,0,0,0,0,0
"274",19,"6","CP","CAGED","PROPAGULES","CENTER",0,6,0,0,0,4,0,4,0,3,0
"275",19,"6","CP","CAGED","PROPAGULES","EAST",1,5,0,4,0,2,0,0,0,0,0
"276",19,"6","CP","CAGED","PROPAGULES","EAST",2,0,0,0,0,4,0,0,0,0,0
"277",19,"6","CP","CAGED","PROPAGULES","EAST",3,0,0,0,0,0,0,0,10,0,0
"278",19,"6","CP","CAGED","PROPAGULES","NORTH",1,6,2,0,0,8,0,0,2,2,1
"279",19,"6","CP","CAGED","PROPAGULES","NORTH",2,6,2,6,0,6,0,0,0,2,1
"280",19,"6","CP","CAGED","PROPAGULES","NORTH",3,0,4,0,0,3,0,0,4,3,9
"281",19,"6","CP","CAGED","PROPAGULES","SOUTH",1,6,1,2,0,2,0,0,0,0,0
"282",19,"6","CP","CAGED","PROPAGULES","SOUTH",2,2,2,2,0,5,0,0,0,0,0
"283",19,"6","CP","CAGED","PROPAGULES","SOUTH",3,1,3,0,0,4,0,0,0,0,0
"284",19,"6","CP","CAGED","PROPAGULES","WEST",1,3,2,0,0,7,0,0,0,0,0
"285",19,"6","CP","CAGED","PROPAGULES","WEST",2,0,3,0,0,3,0,2,4,0,0
"286",19,"6","CP","CAGED","PROPAGULES","WEST",3,10,2,5,0,6,0,0,2,0,4
"287",19,"REF","REF","REF","REF","CENTER",0,19,2,4,0,4,0,0,0,1,2
"288",19,"REF","REF","REF","REF","EAST",1,10,3,10,0,2,0,0,0,0,2
"289",19,"REF","REF","REF","REF","EAST",2,12,3,12,0,4,0,0,0,0,0
"290",19,"REF","REF","REF","REF","EAST",3,15,4,12,0,3,0,0,0,0,2
"291",19,"REF","REF","REF","REF","NORTH",1,9,4,9,0,1,0,0,0,1,0
"292",19,"REF","REF","REF","REF","NORTH",2,10,2,2,0,3,0,3,0,0,0
"293",19,"REF","REF","REF","REF","NORTH",3,10,3,5,2,1,0,0,0,0,0
"294",19,"REF","REF","REF","REF","SOUTH",1,20,0,2,0,5,0,0,0,0,5
"295",19,"REF","REF","REF","REF","SOUTH",2,1,5,0,0,5,0,0,0,0,2
"296",19,"REF","REF","REF","REF","SOUTH",3,0,0,0,0,1,0,0,0,0,3
"297",19,"REF","REF","REF","REF","WEST",1,28,0,10,0,4,0,0,0,0,0
"298",19,"REF","REF","REF","REF","WEST",2,17,0,0,0,5,0,0,0,0,0
"299",19,"REF","REF","REF","REF","WEST",3,20,0,0,0,3,0,0,0,0,0
"300",20,"2","CC","CAGED","CARRION","CENTER",0,4,0,9,0,0,0,0,2,0,0
"301",20,"2","CC","CAGED","CARRION","EAST",1,3,0,3,1,2,0,0,1,0,0
"302",20,"2","CC","CAGED","CARRION","EAST",2,0,3,0,0,0,0,2,4,1,0
"303",20,"2","CC","CAGED","CARRION","EAST",3,3,2,0,0,4,0,0,0,0,0
"304",20,"2","CC","CAGED","CARRION","NORTH",1,0,12,0,0,0,0,0,2,0,0
"305",20,"2","CC","CAGED","CARRION","NORTH",2,6,12,0,3,0,0,0,2,0,0
"306",20,"2","CC","CAGED","CARRION","NORTH",3,2,1,0,0,3,0,0,1,0,0
"307",20,"2","CC","CAGED","CARRION","SOUTH",1,0,3,0,0,1,0,0,3,0,0
"308",20,"2","CC","CAGED","CARRION","SOUTH",2,2,2,10,0,3,0,0,0,0,0
"309",20,"2","CC","CAGED","CARRION","SOUTH",3,8,6,0,1,1,0,0,0,0,0
"310",20,"2","CC","CAGED","CARRION","WEST",1,0,3,0,0,1,0,1,6,0,0
"311",20,"2","CC","CAGED","CARRION","WEST",2,0,0,0,0,4,0,0,2,0,0
"312",20,"2","CC","CAGED","CARRION","WEST",3,9,4,0,2,0,0,1,2,0,0
"313",20,"5","OC","OPEN","CARRION","CENTER",0,0,7,0,0,0,0,0,0,0,2
"314",20,"5","OC","OPEN","CARRION","EAST",1,0,0,0,0,4,0,0,0,0,0
"315",20,"5","OC","OPEN","CARRION","EAST",2,1,0,0,0,2,0,0,0,0,0
"316",20,"5","OC","OPEN","CARRION","EAST",3,0,0,0,0,0,0,0,6,0,0
"317",20,"5","OC","OPEN","CARRION","NORTH",1,3,2,0,2,7,0,0,0,0,0
"318",20,"5","OC","OPEN","CARRION","NORTH",2,3,2,0,0,0,0,0,0,0,1
"319",20,"5","OC","OPEN","CARRION","NORTH",3,4,4,0,1,3,0,0,1,0,6
"320",20,"5","OC","OPEN","CARRION","SOUTH",1,0,0,0,0,0,0,0,0,1,0
"321",20,"5","OC","OPEN","CARRION","SOUTH",2,0,2,0,0,2,0,0,0,0,0
"322",20,"5","OC","OPEN","CARRION","SOUTH",3,0,0,0,0,3,0,0,0,0,1
"323",20,"5","OC","OPEN","CARRION","WEST",1,5,3,0,0,1,0,0,0,0,0
"324",20,"5","OC","OPEN","CARRION","WEST",2,0,3,0,0,3,0,0,0,0,2
"325",20,"5","OC","OPEN","CARRION","WEST",3,2,0,0,0,5,0,0,1,0,1
"326",20,"6","CP","CAGED","PROPAGULES","CENTER",0,0,2,0,0,0,0,0,3,0,0
"327",20,"6","CP","CAGED","PROPAGULES","EAST",1,0,7,0,0,0,0,0,0,0,1
"328",20,"6","CP","CAGED","PROPAGULES","EAST",2,0,0,0,0,0,0,0,0,1,0
"329",20,"6","CP","CAGED","PROPAGULES","EAST",3,0,4,0,2,0,0,1,5,0,1
"330",20,"6","CP","CAGED","PROPAGULES","NORTH",1,0,0,1,0,0,0,0,1,0,1
"331",20,"6","CP","CAGED","PROPAGULES","NORTH",2,0,3,0,0,0,0,0,2,0,0
"332",20,"6","CP","CAGED","PROPAGULES","NORTH",3,0,5,0,0,0,0,0,1,0,0
"333",20,"6","CP","CAGED","PROPAGULES","SOUTH",1,0,7,0,0,0,0,0,0,0,6
"334",20,"6","CP","CAGED","PROPAGULES","SOUTH",2,0,0,0,0,2,0,0,0,0,0
"335",20,"6","CP","CAGED","PROPAGULES","SOUTH",3,0,0,0,0,0,0,0,0,0,0
"336",20,"6","CP","CAGED","PROPAGULES","WEST",1,0,0,0,0,0,0,0,1,0,4
"337",20,"6","CP","CAGED","PROPAGULES","WEST",2,0,4,0,0,0,0,0,0,0,4
"338",20,"6","CP","CAGED","PROPAGULES","WEST",3,0,0,0,0,0,0,1,0,0,3
"339",20,"REF","REF","REF","REF","CENTER",0,9,5,0,0,3,0,2,0,1,0
"340",20,"REF","REF","REF","REF","EAST",1,12,4,6,0,1,0,0,0,1,0
"341",20,"REF","REF","REF","REF","EAST",2,4,0,0,0,2,0,0,0,1,0
"342",20,"REF","REF","REF","REF","EAST",3,7,0,0,0,0,0,1,0,0,0
"343",20,"REF","REF","REF","REF","NORTH",1,8,0,10,1,2,0,0,0,0,0
"344",20,"REF","REF","REF","REF","NORTH",2,4,0,8,0,2,0,2,0,0,1
"345",20,"REF","REF","REF","REF","NORTH",3,0,0,1,0,0,0,0,1,2,0
"346",20,"REF","REF","REF","REF","SOUTH",1,9,5,0,0,0,0,0,1,3,0
"347",20,"REF","REF","REF","REF","SOUTH",2,5,0,0,0,2,0,1,0,0,0
"348",20,"REF","REF","REF","REF","SOUTH",3,2,0,5,0,4,0,0,1,0,1
"349",20,"REF","REF","REF","REF","WEST",1,15,1,0,0,1,0,0,1,1,0
"350",20,"REF","REF","REF","REF","WEST",2,15,3,0,0,0,0,1,3,0,0
"351",20,"REF","REF","REF","REF","WEST",3,0,1,0,2,0,0,1,3,0,0
"352",37,"1","CC","CAGED","CARRION","CENTER",0,0,0,0,8,0,0,0,0,0,0
"353",37,"1","CC","CAGED","CARRION","EAST",1,0,4,0,0,0,0,0,0,3,0
"354",37,"1","CC","CAGED","CARRION","EAST",2,0,5,0,2,0,0,0,0,0,0
"355",37,"1","CC","CAGED","CARRION","EAST",3,0,3,0,0,0,0,0,0,0,0
"356",37,"1","CC","CAGED","CARRION","NORTH",1,0,12,0,0,0,0,0,0,0,0
"357",37,"1","CC","CAGED","CARRION","NORTH",2,0,10,0,4,0,0,0,0,0,0
"358",37,"1","CC","CAGED","CARRION","NORTH",3,0,0,0,6,0,0,0,1,0,0
"359",37,"1","CC","CAGED","CARRION","SOUTH",1,4,4,0,7,0,0,0,0,0,0
"360",37,"1","CC","CAGED","CARRION","SOUTH",2,0,0,0,7,0,0,0,0,0,0
"361",37,"1","CC","CAGED","CARRION","SOUTH",3,5,3,0,7,0,0,1,0,0,0
"362",37,"1","CC","CAGED","CARRION","WEST",1,3,0,0,3,0,0,0,0,2,0
"363",37,"1","CC","CAGED","CARRION","WEST",2,2,6,0,0,0,0,0,0,2,0
"364",37,"1","CC","CAGED","CARRION","WEST",3,2,3,0,0,0,0,1,0,1,0
"365",37,"2","OP","OPEN","PROPAGULES","CENTER",0,1,0,0,6,0,0,2,0,0,0
"366",37,"2","OP","OPEN","PROPAGULES","EAST",1,0,0,0,10,0,0,3,0,0,0
"367",37,"2","OP","OPEN","PROPAGULES","EAST",2,0,0,0,10,0,0,5,1,4,0
"368",37,"2","OP","OPEN","PROPAGULES","EAST",3,0,0,0,0,0,0,0,0,5,0
"369",37,"2","OP","OPEN","PROPAGULES","NORTH",1,0,0,0,6,0,0,4,0,0,0
"370",37,"2","OP","OPEN","PROPAGULES","NORTH",2,0,0,0,7,0,0,1,0,0,0
"371",37,"2","OP","OPEN","PROPAGULES","NORTH",3,0,1,0,6,0,0,1,0,0,0
"372",37,"2","OP","OPEN","PROPAGULES","SOUTH",1,0,0,0,0,0,0,2,2,3,0
"373",37,"2","OP","OPEN","PROPAGULES","SOUTH",2,0,0,0,5,0,0,5,0,0,0
"374",37,"2","OP","OPEN","PROPAGULES","SOUTH",3,0,0,0,4,0,0,3,3,0,0
"375",37,"2","OP","OPEN","PROPAGULES","WEST",1,0,0,0,4,0,0,7,3,0,0
"376",37,"2","OP","OPEN","PROPAGULES","WEST",2,0,0,0,7,0,0,1,1,0,0
"377",37,"2","OP","OPEN","PROPAGULES","WEST",3,0,0,0,8,0,0,3,3,0,0
"378",37,"3","OS","OPEN","SCAT","CENTER",0,2,1,0,0,2,0,0,0,0,1
"379",37,"3","OS","OPEN","SCAT","EAST",1,5,4,0,2,3,0,0,0,0,0
"380",37,"3","OS","OPEN","SCAT","EAST",2,1,1,0,4,1,0,0,0,0,0
"381",37,"3","OS","OPEN","SCAT","EAST",3,0,0,0,4,2,0,1,4,0,0
"382",37,"3","OS","OPEN","SCAT","NORTH",1,3,0,0,3,1,0,2,2,0,0
"383",37,"3","OS","OPEN","SCAT","NORTH",2,0,0,0,0,0,0,3,0,0,0
"384",37,"3","OS","OPEN","SCAT","NORTH",3,3,3,0,0,0,0,0,0,1,1
"385",37,"3","OS","OPEN","SCAT","SOUTH",1,0,3,0,0,0,0,0,0,0,0
"386",37,"3","OS","OPEN","SCAT","SOUTH",2,0,1,0,0,0,0,1,0,5,0
"387",37,"3","OS","OPEN","SCAT","SOUTH",3,0,0,0,0,0,0,3,5,4,0
"388",37,"3","OS","OPEN","SCAT","WEST",1,3,1,0,0,0,0,3,0,2,0
"389",37,"3","OS","OPEN","SCAT","WEST",2,2,0,0,1,0,0,3,0,1,0
"390",37,"3","OS","OPEN","SCAT","WEST",3,0,1,0,1,0,0,2,0,2,0
"391",37,"4","OC","OPEN","CARRION","CENTER",0,2,9,0,0,2,0,0,0,0,0
"392",37,"4","OC","OPEN","CARRION","EAST",1,0,0,0,2,1,0,0,0,1,0
"393",37,"4","OC","OPEN","CARRION","EAST",2,0,0,0,1,3,0,0,0,1,0
"394",37,"4","OC","OPEN","CARRION","EAST",3,0,1,0,0,0,0,0,0,3,1
"395",37,"4","OC","OPEN","CARRION","NORTH",1,0,0,0,0,2,0,0,0,0,0
"396",37,"4","OC","OPEN","CARRION","NORTH",2,0,6,0,4,0,3,0,0,0,0
"397",37,"4","OC","OPEN","CARRION","NORTH",3,1,4,0,3,1,7,0,0,0,0
"398",37,"4","OC","OPEN","CARRION","SOUTH",1,1,6,0,0,2,2,0,0,0,3
"399",37,"4","OC","OPEN","CARRION","SOUTH",2,3,1,0,0,2,0,0,0,3,0
"400",37,"4","OC","OPEN","CARRION","SOUTH",3,0,3,0,1,1,0,0,0,3,0
"401",37,"4","OC","OPEN","CARRION","WEST",1,2,5,0,0,2,0,0,0,0,1
"402",37,"4","OC","OPEN","CARRION","WEST",2,0,3,0,0,0,6,0,0,2,0
"403",37,"4","OC","OPEN","CARRION","WEST",3,0,0,0,1,0,15,0,0,2,0
"404",37,"5","CS","CAGED","SCAT","CENTER",0,0,4,0,0,1,2,0,0,1,1
"405",37,"5","CS","CAGED","SCAT","EAST",1,0,5,0,0,3,0,0,0,0,0
"406",37,"5","CS","CAGED","SCAT","EAST",2,4,9,0,0,2,2,0,0,0,0
"407",37,"5","CS","CAGED","SCAT","EAST",3,1,0,0,1,0,0,0,0,0,0
"408",37,"5","CS","CAGED","SCAT","NORTH",1,0,5,0,2,0,0,0,0,0,1
"409",37,"5","CS","CAGED","SCAT","NORTH",2,0,4,0,5,1,2,0,0,0,0
"410",37,"5","CS","CAGED","SCAT","NORTH",3,0,6,0,0,3,0,0,0,0,0
"411",37,"5","CS","CAGED","SCAT","SOUTH",1,0,1,0,0,2,0,0,0,2,1
"412",37,"5","CS","CAGED","SCAT","SOUTH",2,0,1,0,7,0,0,0,1,0,0
"413",37,"5","CS","CAGED","SCAT","SOUTH",3,0,4,0,4,2,0,0,0,0,0
"414",37,"5","CS","CAGED","SCAT","WEST",1,0,3,0,4,0,0,0,0,1,0
"415",37,"5","CS","CAGED","SCAT","WEST",2,5,3,0,0,0,5,0,0,0,1
"416",37,"5","CS","CAGED","SCAT","WEST",3,0,0,0,8,0,3,0,0,0,0
"417",37,"6","CP","CAGED","PROPAGULES","CENTER",0,12,0,0,2,1,0,0,0,0,0
"418",37,"6","CP","CAGED","PROPAGULES","EAST",1,6,9,0,0,2,0,0,0,1,0
"419",37,"6","CP","CAGED","PROPAGULES","EAST",2,19,3,0,0,2,0,0,0,0,0
"420",37,"6","CP","CAGED","PROPAGULES","EAST",3,9,4,0,1,2,0,0,0,0,0
"421",37,"6","CP","CAGED","PROPAGULES","NORTH",1,14,4,0,3,1,0,0,0,0,0
"422",37,"6","CP","CAGED","PROPAGULES","NORTH",2,4,3,0,2,2,0,0,0,0,0
"423",37,"6","CP","CAGED","PROPAGULES","NORTH",3,15,0,0,7,0,0,0,0,0,0
"424",37,"6","CP","CAGED","PROPAGULES","SOUTH",1,0,0,0,1,2,0,0,0,0,0
"425",37,"6","CP","CAGED","PROPAGULES","SOUTH",2,0,0,0,0,3,0,0,0,0,0
"426",37,"6","CP","CAGED","PROPAGULES","SOUTH",3,7,5,0,0,5,0,0,0,0,0
"427",37,"6","CP","CAGED","PROPAGULES","WEST",1,17,0,0,0,3,0,0,0,0,0
"428",37,"6","CP","CAGED","PROPAGULES","WEST",2,3,2,0,0,2,0,0,0,0,0
"429",37,"6","CP","CAGED","PROPAGULES","WEST",3,11,4,0,0,2,0,0,0,0,0
"430",37,"REF","REF","REF","REF","CENTER",0,0,0,0,0,0,0,0,3,4,0
"431",37,"REF","REF","REF","REF","EAST",1,3,0,0,2,0,0,0,0,0,0
"432",37,"REF","REF","REF","REF","EAST",2,0,2,0,0,0,2,0,0,3,1
"433",37,"REF","REF","REF","REF","EAST",3,0,0,0,0,0,0,0,0,0,0
"434",37,"REF","REF","REF","REF","NORTH",1,0,0,0,0,2,0,0,1,1,0
"435",37,"REF","REF","REF","REF","NORTH",2,4,3,0,2,0,0,0,0,0,0
"436",37,"REF","REF","REF","REF","NORTH",3,4,2,0,0,0,0,0,0,3,0
"437",37,"REF","REF","REF","REF","SOUTH",1,0,4,0,2,0,0,0,0,2,0
"438",37,"REF","REF","REF","REF","SOUTH",2,0,0,0,0,0,0,0,4,4,0
"439",37,"REF","REF","REF","REF","SOUTH",3,0,0,0,0,0,4,0,0,5,0
"440",37,"REF","REF","REF","REF","WEST",1,0,0,0,0,0,0,0,2,4,0
"441",37,"REF","REF","REF","REF","WEST",2,4,0,0,0,0,2,0,3,0,0
"442",37,"REF","REF","REF","REF","WEST",3,0,0,0,0,0,0,0,7,4,0
"443",38,"1","OP","OPEN","PROPAGULES","CENTER",0,9,1,0,5,0,0,0,0,0,0
"444",38,"1","OP","OPEN","PROPAGULES","EAST",1,2,0,0,12,0,0,0,0,0,0
"445",38,"1","OP","OPEN","PROPAGULES","EAST",2,0,0,0,8,0,0,0,1,0,0
"446",38,"1","OP","OPEN","PROPAGULES","EAST",3,5,0,0,0,0,3,0,0,0,0
"447",38,"1","OP","OPEN","PROPAGULES","NORTH",1,9,1,0,0,0,0,0,0,0,0
"448",38,"1","OP","OPEN","PROPAGULES","NORTH",2,3,6,0,0,0,0,0,0,0,0
"449",38,"1","OP","OPEN","PROPAGULES","NORTH",3,0,0,7,4,0,0,0,0,0,0
"450",38,"1","OP","OPEN","PROPAGULES","SOUTH",1,7,0,0,10,0,0,0,0,0,0
"451",38,"1","OP","OPEN","PROPAGULES","SOUTH",2,12,0,0,6,0,0,0,0,1,0
"452",38,"1","OP","OPEN","PROPAGULES","SOUTH",3,14,0,0,4,0,0,0,0,1,0
"453",38,"1","OP","OPEN","PROPAGULES","WEST",1,4,0,0,8,0,0,0,0,0,0
"454",38,"1","OP","OPEN","PROPAGULES","WEST",2,3,0,0,7,0,0,0,0,1,0
"455",38,"1","OP","OPEN","PROPAGULES","WEST",3,20,0,0,0,0,0,0,0,3,0
"456",38,"2","CC","CAGED","CARRION","CENTER",0,2,0,0,9,0,0,0,0,0,0
"457",38,"2","CC","CAGED","CARRION","EAST",1,6,2,0,7,0,0,0,0,0,0
"458",38,"2","CC","CAGED","CARRION","EAST",2,10,0,0,6,0,4,0,0,0,0
"459",38,"2","CC","CAGED","CARRION","EAST",3,6,1,0,6,0,0,0,0,0,0
"460",38,"2","CC","CAGED","CARRION","NORTH",1,15,0,0,8,0,0,0,0,0,0
"461",38,"2","CC","CAGED","CARRION","NORTH",2,18,0,0,5,0,1,0,0,0,0
"462",38,"2","CC","CAGED","CARRION","NORTH",3,9,2,0,7,0,0,0,0,0,0
"463",38,"2","CC","CAGED","CARRION","SOUTH",1,9,0,0,6,0,0,0,0,0,0
"464",38,"2","CC","CAGED","CARRION","SOUTH",2,6,1,0,6,0,0,1,0,0,0
"465",38,"2","CC","CAGED","CARRION","SOUTH",3,3,4,0,0,0,3,3,0,0,0
"466",38,"2","CC","CAGED","CARRION","WEST",1,13,0,0,5,0,0,0,0,0,0
"467",38,"2","CC","CAGED","CARRION","WEST",2,0,0,0,18,1,0,0,0,0,0
"468",38,"2","CC","CAGED","CARRION","WEST",3,16,0,0,1,0,0,0,0,0,0
"469",38,"3","OC","OPEN","CARRION","CENTER",0,2,1,0,5,0,1,0,0,0,0
"470",38,"3","OC","OPEN","CARRION","EAST",1,3,1,0,7,0,0,0,0,0,0
"471",38,"3","OC","OPEN","CARRION","EAST",2,5,0,4,3,0,1,0,0,0,0
"472",38,"3","OC","OPEN","CARRION","EAST",3,7,2,0,5,0,0,0,0,0,0
"473",38,"3","OC","OPEN","CARRION","NORTH",1,0,2,0,2,0,15,0,0,0,0
"474",38,"3","OC","OPEN","CARRION","NORTH",2,0,1,0,4,0,1,0,0,0,0
"475",38,"3","OC","OPEN","CARRION","NORTH",3,0,1,0,8,0,0,0,0,0,0
"476",38,"3","OC","OPEN","CARRION","SOUTH",1,5,2,13,2,0,0,0,0,0,0
"477",38,"3","OC","OPEN","CARRION","SOUTH",2,40,5,0,4,0,0,0,0,0,0
"478",38,"3","OC","OPEN","CARRION","SOUTH",3,7,18,0,0,0,0,0,0,0,0
"479",38,"3","OC","OPEN","CARRION","WEST",1,0,18,0,1,0,8,0,0,0,0
"480",38,"3","OC","OPEN","CARRION","WEST",2,0,0,0,7,0,10,0,0,0,0
"481",38,"3","OC","OPEN","CARRION","WEST",3,0,6,0,4,0,4,0,0,0,0
"482",38,"4","OS","OPEN","SCAT","CENTER",0,33,67,0,1,0,0,0,0,0,0
"483",38,"4","OS","OPEN","SCAT","EAST",1,14,7,0,10,0,0,0,0,0,0
"484",38,"4","OS","OPEN","SCAT","EAST",2,19,14,0,2,0,0,0,0,0,0
"485",38,"4","OS","OPEN","SCAT","EAST",3,5,8,0,5,0,0,0,0,0,0
"486",38,"4","OS","OPEN","SCAT","NORTH",1,9,9,0,0,0,0,0,0,0,0
"487",38,"4","OS","OPEN","SCAT","NORTH",2,14,0,0,3,0,0,0,0,0,0
"488",38,"4","OS","OPEN","SCAT","NORTH",3,0,0,0,0,0,0,0,0,0,0
"489",38,"4","OS","OPEN","SCAT","SOUTH",1,30,3,0,6,0,0,0,0,0,0
"490",38,"4","OS","OPEN","SCAT","SOUTH",2,1,0,0,9,0,0,0,0,0,0
"491",38,"4","OS","OPEN","SCAT","SOUTH",3,6,2,0,8,0,0,0,0,0,0
"492",38,"4","OS","OPEN","SCAT","WEST",1,17,6,0,1,0,0,0,0,0,0
"493",38,"4","OS","OPEN","SCAT","WEST",2,20,3,0,0,0,0,0,0,0,0
"494",38,"4","OS","OPEN","SCAT","WEST",3,6,7,0,0,0,0,0,0,0,0
"495",38,"5","CP","CAGED","PROPAGULES","CENTER",0,14,0,0,2,0,0,0,0,0,0
"496",38,"5","CP","CAGED","PROPAGULES","EAST",1,24,0,0,1,0,0,0,0,0,0
"497",38,"5","CP","CAGED","PROPAGULES","EAST",2,43,0,0,0,0,0,0,0,0,0
"498",38,"5","CP","CAGED","PROPAGULES","EAST",3,29,0,0,3,0,0,0,0,0,0
"499",38,"5","CP","CAGED","PROPAGULES","NORTH",1,26,0,0,1,0,1,0,0,0,0
"500",38,"5","CP","CAGED","PROPAGULES","NORTH",2,18,0,0,5,0,0,0,0,0,0
"501",38,"5","CP","CAGED","PROPAGULES","NORTH",3,25,0,0,0,0,0,0,0,0,0
"502",38,"5","CP","CAGED","PROPAGULES","SOUTH",1,10,0,0,8,0,0,0,0,0,0
"503",38,"5","CP","CAGED","PROPAGULES","SOUTH",2,20,0,0,3,0,0,0,0,0,0
"504",38,"5","CP","CAGED","PROPAGULES","SOUTH",3,16,0,0,10,0,0,0,0,0,0
"505",38,"5","CP","CAGED","PROPAGULES","WEST",1,29,0,0,8,0,0,0,0,0,0
"506",38,"5","CP","CAGED","PROPAGULES","WEST",2,11,0,0,9,0,0,0,0,0,0
"507",38,"5","CP","CAGED","PROPAGULES","WEST",3,1,0,0,9,1,0,0,0,0,0
"508",38,"6","CS","CAGED","SCAT","CENTER",0,0,2,2,1,0,10,0,0,0,0
"509",38,"6","CS","CAGED","SCAT","EAST",1,2,11,10,5,0,17,0,0,0,0
"510",38,"6","CS","CAGED","SCAT","EAST",2,19,5,0,3,0,0,1,0,1,0
"511",38,"6","CS","CAGED","SCAT","EAST",3,11,13,0,5,0,0,0,0,0,0
"512",38,"6","CS","CAGED","SCAT","NORTH",1,0,3,0,3,0,1,0,0,0,0
"513",38,"6","CS","CAGED","SCAT","NORTH",2,0,1,0,2,0,0,0,0,0,0
"514",38,"6","CS","CAGED","SCAT","NORTH",3,0,5,0,0,0,4,2,0,0,0
"515",38,"6","CS","CAGED","SCAT","SOUTH",1,0,0,0,7,0,0,0,0,0,0
"516",38,"6","CS","CAGED","SCAT","SOUTH",2,0,8,0,4,0,0,0,0,0,0
"517",38,"6","CS","CAGED","SCAT","SOUTH",3,0,2,0,7,0,0,3,0,0,0
"518",38,"6","CS","CAGED","SCAT","WEST",1,2,0,0,6,0,0,0,0,0,0
"519",38,"6","CS","CAGED","SCAT","WEST",2,0,15,0,2,0,0,0,0,0,0
"520",38,"6","CS","CAGED","SCAT","WEST",3,0,0,0,0,0,0,0,0,0,0
"521",38,"REF","REF","REF","REF","CENTER",0,12,0,0,6,0,0,2,0,0,0
"522",38,"REF","REF","REF","REF","EAST",1,15,0,0,8,0,0,0,0,1,0
"523",38,"REF","REF","REF","REF","EAST",2,6,0,0,5,0,0,0,0,0,0
"524",38,"REF","REF","REF","REF","EAST",3,3,0,0,2,4,0,0,0,1,0
"525",38,"REF","REF","REF","REF","NORTH",1,10,0,0,1,0,2,1,0,1,0
"526",38,"REF","REF","REF","REF","NORTH",2,32,0,0,1,0,1,0,0,1,0
"527",38,"REF","REF","REF","REF","NORTH",3,7,1,0,4,0,0,0,0,0,0
"528",38,"REF","REF","REF","REF","SOUTH",1,8,0,0,8,0,0,0,0,0,0
"529",38,"REF","REF","REF","REF","SOUTH",2,17,0,0,4,0,0,2,0,0,0
"530",38,"REF","REF","REF","REF","SOUTH",3,14,0,0,4,0,0,0,0,0,0
"531",38,"REF","REF","REF","REF","WEST",1,29,1,0,1,0,0,1,0,0,0
"532",38,"REF","REF","REF","REF","WEST",2,29,0,0,0,0,0,0,0,4,0
"533",38,"REF","REF","REF","REF","WEST",3,24,0,0,0,0,0,0,1,4,0
